title,released,tagline
Something's Gotta Give,1975,null
Johnny Mnemonic,1995,The hottest data on earth. In the coolest head in town
The Replacements,2000,"Pain heals, Chicks dig scars... Glory lasts forever"
The Devil's Advocate,1997,Evil has its winning ways
The Matrix Revolutions,2003,Everything that has a beginning has an end
The Matrix Reloaded,2003,Free your mind
The Matrix,1999,Welcome to the Real World
The Matrix Revolutions,2003,Everything that has a beginning has an end
The Matrix Reloaded,2003,Free your mind
The Matrix,1999,Welcome to the Real World
The Matrix Revolutions,2003,Everything that has a beginning has an end
The Matrix Reloaded,2003,Free your mind
The Matrix,1999,Welcome to the Real World
V for Vendetta,2006,Freedom! Forever!
Cloud Atlas,2012,Everything is connected
The Matrix Revolutions,2003,Everything that has a beginning has an end
The Matrix Reloaded,2003,Free your mind
The Matrix,1999,Welcome to the Real World
Speed Racer,2008,Speed has no limits
Cloud Atlas,2012,Everything is connected
The Matrix Revolutions,2003,Everything that has a beginning has an end
The Matrix Reloaded,2003,Free your mind
The Matrix,1999,Welcome to the Real World
Ninja Assassin,2009,Prepare to enter a secret world of assassins
V for Vendetta,2006,Freedom! Forever!
Speed Racer,2008,Speed has no limits
V for Vendetta,2006,Freedom! Forever!
Speed Racer,2008,Speed has no limits
Cloud Atlas,2012,Everything is connected
The Matrix Revolutions,2003,Everything that has a beginning has an end
The Matrix Reloaded,2003,Free your mind
The Matrix,1999,Welcome to the Real World
Ninja Assassin,2009,Prepare to enter a secret world of assassins
V for Vendetta,2006,Freedom! Forever!
Speed Racer,2008,Speed has no limits
V for Vendetta,2006,Freedom! Forever!
Ninja Assassin,2009,Prepare to enter a secret world of assassins
Speed Racer,2008,Speed has no limits
V for Vendetta,2006,Freedom! Forever!
The Matrix Revolutions,2003,Everything that has a beginning has an end
The Matrix Reloaded,2003,Free your mind
The Matrix,1999,Welcome to the Real World
The Matrix,1999,Welcome to the Real World
That Thing You Do,1996,In every life there comes a time when that thing you dream becomes that thing you do
The Devil's Advocate,1997,Evil has its winning ways
The Devil's Advocate,1997,Evil has its winning ways
The Devil's Advocate,1997,Evil has its winning ways
Jerry Maguire,2000,The rest of his life begins now.
Top Gun,1986,"I feel the need, the need for speed."
A Few Good Men,1992,"In the heart of the nation's capital, in a courthouse of the U.S. government, one man will stop at nothing to keep his honor, and one will stop at nothing to find the truth."
Something's Gotta Give,1975,null
One Flew Over the Cuckoo's Nest,1975,"If he's crazy, what does that make you?"
Hoffa,1992,He didn't want law. He wanted justice.
As Good as It Gets,1997,A comedy from the heart that goes for the throat.
A Few Good Men,1992,"In the heart of the nation's capital, in a courthouse of the U.S. government, one man will stop at nothing to keep his honor, and one will stop at nothing to find the truth."
A Few Good Men,1992,"In the heart of the nation's capital, in a courthouse of the U.S. government, one man will stop at nothing to keep his honor, and one will stop at nothing to find the truth."
Apollo 13,1995,"Houston, we have a problem."
Frost/Nixon,2008,400 million people were waiting for the truth.
A Few Good Men,1992,"In the heart of the nation's capital, in a courthouse of the U.S. government, one man will stop at nothing to keep his honor, and one will stop at nothing to find the truth."
Stand By Me,1995,"For some, it's the last real taste of innocence, and the first real taste of life. But for everyone, it's the time that memories are made of."
A Few Good Men,1992,"In the heart of the nation's capital, in a courthouse of the U.S. government, one man will stop at nothing to keep his honor, and one will stop at nothing to find the truth."
A Few Good Men,1992,"In the heart of the nation's capital, in a courthouse of the U.S. government, one man will stop at nothing to keep his honor, and one will stop at nothing to find the truth."
What Dreams May Come,1998,After life there is more. The end is just the beginning.
As Good as It Gets,1997,A comedy from the heart that goes for the throat.
Jerry Maguire,2000,The rest of his life begins now.
A Few Good Men,1992,"In the heart of the nation's capital, in a courthouse of the U.S. government, one man will stop at nothing to keep his honor, and one will stop at nothing to find the truth."
A Few Good Men,1992,"In the heart of the nation's capital, in a courthouse of the U.S. government, one man will stop at nothing to keep his honor, and one will stop at nothing to find the truth."
Hoffa,1992,He didn't want law. He wanted justice.
A Few Good Men,1992,"In the heart of the nation's capital, in a courthouse of the U.S. government, one man will stop at nothing to keep his honor, and one will stop at nothing to find the truth."
A Few Good Men,1992,"In the heart of the nation's capital, in a courthouse of the U.S. government, one man will stop at nothing to keep his honor, and one will stop at nothing to find the truth."
Ninja Assassin,2009,Prepare to enter a secret world of assassins
V for Vendetta,2006,Freedom! Forever!
A Few Good Men,1992,"In the heart of the nation's capital, in a courthouse of the U.S. government, one man will stop at nothing to keep his honor, and one will stop at nothing to find the truth."
When Harry Met Sally,1998,At odds in life... in love on-line.
Stand By Me,1995,"For some, it's the last real taste of innocence, and the first real taste of life. But for everyone, it's the time that memories are made of."
A Few Good Men,1992,"In the heart of the nation's capital, in a courthouse of the U.S. government, one man will stop at nothing to keep his honor, and one will stop at nothing to find the truth."
When Harry Met Sally,1998,At odds in life... in love on-line.
A Few Good Men,1992,"In the heart of the nation's capital, in a courthouse of the U.S. government, one man will stop at nothing to keep his honor, and one will stop at nothing to find the truth."
A Few Good Men,1992,"In the heart of the nation's capital, in a courthouse of the U.S. government, one man will stop at nothing to keep his honor, and one will stop at nothing to find the truth."
Top Gun,1986,"I feel the need, the need for speed."
Top Gun,1986,"I feel the need, the need for speed."
Top Gun,1986,"I feel the need, the need for speed."
Top Gun,1986,"I feel the need, the need for speed."
When Harry Met Sally,1998,At odds in life... in love on-line.
Joe Versus the Volcano,1990,"A story of love, lava and burning desire."
Sleepless in Seattle,1993,"What if someone you never met, someone you never saw, someone you never knew was the only someone for you?"
You've Got Mail,1998,At odds in life... in love on-line.
Top Gun,1986,"I feel the need, the need for speed."
Top Gun,1986,"I feel the need, the need for speed."
Top Gun,1986,"I feel the need, the need for speed."
Jerry Maguire,2000,The rest of his life begins now.
Jerry Maguire,2000,The rest of his life begins now.
Stand By Me,1995,"For some, it's the last real taste of innocence, and the first real taste of life. But for everyone, it's the time that memories are made of."
Jerry Maguire,2000,The rest of his life begins now.
Jerry Maguire,2000,The rest of his life begins now.
The Green Mile,1999,Walk a mile you'll never forget.
Jerry Maguire,2000,The rest of his life begins now.
Jerry Maguire,2000,The rest of his life begins now.
Jerry Maguire,2000,The rest of his life begins now.
Jerry Maguire,2000,The rest of his life begins now.
Jerry Maguire,2000,The rest of his life begins now.
Jerry Maguire,2000,The rest of his life begins now.
Stand By Me,1995,"For some, it's the last real taste of innocence, and the first real taste of life. But for everyone, it's the time that memories are made of."
Stand By Me,1995,"For some, it's the last real taste of innocence, and the first real taste of life. But for everyone, it's the time that memories are made of."
Stand By Me,1995,"For some, it's the last real taste of innocence, and the first real taste of life. But for everyone, it's the time that memories are made of."
Stand By Me,1995,"For some, it's the last real taste of innocence, and the first real taste of life. But for everyone, it's the time that memories are made of."
RescueDawn,2006,Based on the extraordinary true story of one man's fight for freedom
Stand By Me,1995,"For some, it's the last real taste of innocence, and the first real taste of life. But for everyone, it's the time that memories are made of."
Cast Away,2000,"At the edge of the world, his journey begins."
Twister,1996,Don't Breathe. Don't Look Back.
As Good as It Gets,1997,A comedy from the heart that goes for the throat.
You've Got Mail,1998,At odds in life... in love on-line.
As Good as It Gets,1997,A comedy from the heart that goes for the throat.
As Good as It Gets,1997,A comedy from the heart that goes for the throat.
What Dreams May Come,1998,After life there is more. The end is just the beginning.
Snow Falling on Cedars,1999,First loves last. Forever.
What Dreams May Come,1998,After life there is more. The end is just the beginning.
What Dreams May Come,1998,After life there is more. The end is just the beginning.
RescueDawn,2006,Based on the extraordinary true story of one man's fight for freedom
Bicentennial Man,1999,One robot's 200 year journey to become an ordinary man.
The Birdcage,1996,Come as you are
What Dreams May Come,1998,After life there is more. The end is just the beginning.
What Dreams May Come,1998,After life there is more. The end is just the beginning.
Snow Falling on Cedars,1999,First loves last. Forever.
Ninja Assassin,2009,Prepare to enter a secret world of assassins
Snow Falling on Cedars,1999,First loves last. Forever.
The Green Mile,1999,Walk a mile you'll never forget.
Snow Falling on Cedars,1999,First loves last. Forever.
Snow Falling on Cedars,1999,First loves last. Forever.
You've Got Mail,1998,At odds in life... in love on-line.
You've Got Mail,1998,At odds in life... in love on-line.
RescueDawn,2006,Based on the extraordinary true story of one man's fight for freedom
You've Got Mail,1998,At odds in life... in love on-line.
A League of Their Own,1992,Once in a lifetime you get a chance to do something different.
The Polar Express,2004,This Holiday Season… Believe
Charlie Wilson's War,2007,A stiff drink. A little mascara. A lot of nerve. Who said they couldn't bring down the Soviet empire.
Cast Away,2000,"At the edge of the world, his journey begins."
Apollo 13,1995,"Houston, we have a problem."
The Green Mile,1999,Walk a mile you'll never forget.
The Da Vinci Code,2006,Break The Codes
Cloud Atlas,2012,Everything is connected
That Thing You Do,1996,In every life there comes a time when that thing you dream becomes that thing you do
Joe Versus the Volcano,1990,"A story of love, lava and burning desire."
Sleepless in Seattle,1993,"What if someone you never met, someone you never saw, someone you never knew was the only someone for you?"
You've Got Mail,1998,At odds in life... in love on-line.
That Thing You Do,1996,In every life there comes a time when that thing you dream becomes that thing you do
Sleepless in Seattle,1993,"What if someone you never met, someone you never saw, someone you never knew was the only someone for you?"
You've Got Mail,1998,At odds in life... in love on-line.
When Harry Met Sally,1998,At odds in life... in love on-line.
When Harry Met Sally,1998,At odds in life... in love on-line.
Sleepless in Seattle,1993,"What if someone you never met, someone you never saw, someone you never knew was the only someone for you?"
Sleepless in Seattle,1993,"What if someone you never met, someone you never saw, someone you never knew was the only someone for you?"
Sleepless in Seattle,1993,"What if someone you never met, someone you never saw, someone you never knew was the only someone for you?"
A League of Their Own,1992,Once in a lifetime you get a chance to do something different.
Sleepless in Seattle,1993,"What if someone you never met, someone you never saw, someone you never knew was the only someone for you?"
Joe Versus the Volcano,1990,"A story of love, lava and burning desire."
The Birdcage,1996,Come as you are
Joe Versus the Volcano,1990,"A story of love, lava and burning desire."
When Harry Met Sally,1998,At odds in life... in love on-line.
When Harry Met Sally,1998,At odds in life... in love on-line.
When Harry Met Sally,1998,At odds in life... in love on-line.
That Thing You Do,1996,In every life there comes a time when that thing you dream becomes that thing you do
The Replacements,2000,"Pain heals, Chicks dig scars... Glory lasts forever"
Unforgiven,1992,"It's a hell of a thing, killing a man"
The Birdcage,1996,Come as you are
The Replacements,2000,"Pain heals, Chicks dig scars... Glory lasts forever"
The Replacements,2000,"Pain heals, Chicks dig scars... Glory lasts forever"
The Replacements,2000,"Pain heals, Chicks dig scars... Glory lasts forever"
RescueDawn,2006,Based on the extraordinary true story of one man's fight for freedom
Twister,1996,Don't Breathe. Don't Look Back.
RescueDawn,2006,Based on the extraordinary true story of one man's fight for freedom
Charlie Wilson's War,2007,A stiff drink. A little mascara. A lot of nerve. Who said they couldn't bring down the Soviet empire.
The Birdcage,1996,Come as you are
Unforgiven,1992,"It's a hell of a thing, killing a man"
Unforgiven,1992,"It's a hell of a thing, killing a man"
Unforgiven,1992,"It's a hell of a thing, killing a man"
Johnny Mnemonic,1995,The hottest data on earth. In the coolest head in town
Johnny Mnemonic,1995,The hottest data on earth. In the coolest head in town
Johnny Mnemonic,1995,The hottest data on earth. In the coolest head in town
Johnny Mnemonic,1995,The hottest data on earth. In the coolest head in town
Cloud Atlas,2012,Everything is connected
Cloud Atlas,2012,Everything is connected
Cloud Atlas,2012,Everything is connected
The Da Vinci Code,2006,Break The Codes
The Da Vinci Code,2006,Break The Codes
The Da Vinci Code,2006,Break The Codes
Apollo 13,1995,"Houston, we have a problem."
Frost/Nixon,2008,400 million people were waiting for the truth.
The Da Vinci Code,2006,Break The Codes
V for Vendetta,2006,Freedom! Forever!
V for Vendetta,2006,Freedom! Forever!
V for Vendetta,2006,Freedom! Forever!
Ninja Assassin,2009,Prepare to enter a secret world of assassins
Speed Racer,2008,Speed has no limits
V for Vendetta,2006,Freedom! Forever!
Speed Racer,2008,Speed has no limits
Speed Racer,2008,Speed has no limits
Speed Racer,2008,Speed has no limits
Speed Racer,2008,Speed has no limits
Speed Racer,2008,Speed has no limits
Ninja Assassin,2009,Prepare to enter a secret world of assassins
Speed Racer,2008,Speed has no limits
Ninja Assassin,2009,Prepare to enter a secret world of assassins
The Green Mile,1999,Walk a mile you'll never forget.
The Green Mile,1999,Walk a mile you'll never forget.
Frost/Nixon,2008,400 million people were waiting for the truth.
The Green Mile,1999,Walk a mile you'll never forget.
Apollo 13,1995,"Houston, we have a problem."
The Green Mile,1999,Walk a mile you'll never forget.
The Green Mile,1999,Walk a mile you'll never forget.
The Green Mile,1999,Walk a mile you'll never forget.
Frost/Nixon,2008,400 million people were waiting for the truth.
Frost/Nixon,2008,400 million people were waiting for the truth.
Bicentennial Man,1999,One robot's 200 year journey to become an ordinary man.
Frost/Nixon,2008,400 million people were waiting for the truth.
One Flew Over the Cuckoo's Nest,1975,"If he's crazy, what does that make you?"
Hoffa,1992,He didn't want law. He wanted justice.
Hoffa,1992,He didn't want law. He wanted justice.
Hoffa,1992,He didn't want law. He wanted justice.
Apollo 13,1995,"Houston, we have a problem."
A League of Their Own,1992,Once in a lifetime you get a chance to do something different.
Twister,1996,Don't Breathe. Don't Look Back.
Apollo 13,1995,"Houston, we have a problem."
Charlie Wilson's War,2007,A stiff drink. A little mascara. A lot of nerve. Who said they couldn't bring down the Soviet empire.
Twister,1996,Don't Breathe. Don't Look Back.
Twister,1996,Don't Breathe. Don't Look Back.
The Polar Express,2004,This Holiday Season… Believe
Cast Away,2000,"At the edge of the world, his journey begins."
One Flew Over the Cuckoo's Nest,1975,"If he's crazy, what does that make you?"
Something's Gotta Give,1975,null
Something's Gotta Give,1975,null
Something's Gotta Give,1975,null
Something's Gotta Give,1975,null
Bicentennial Man,1999,One robot's 200 year journey to become an ordinary man.
Charlie Wilson's War,2007,A stiff drink. A little mascara. A lot of nerve. Who said they couldn't bring down the Soviet empire.
A League of Their Own,1992,Once in a lifetime you get a chance to do something different.
A League of Their Own,1992,Once in a lifetime you get a chance to do something different.
A League of Their Own,1992,Once in a lifetime you get a chance to do something different.
A League of Their Own,1992,Once in a lifetime you get a chance to do something different.
The Replacements,2000,"Pain heals, Chicks dig scars... Glory lasts forever"
The Da Vinci Code,2006,Break The Codes
The Birdcage,1996,Come as you are
Unforgiven,1992,"It's a hell of a thing, killing a man"
The Replacements,2000,"Pain heals, Chicks dig scars... Glory lasts forever"
Cloud Atlas,2012,Everything is connected
The Da Vinci Code,2006,Break The Codes
The Replacements,2000,"Pain heals, Chicks dig scars... Glory lasts forever"
